age,income,score,zipcode,city,extra_data,MCAR_col,MAR_col,MNAR_col,scaled
34.0,55000.0,0.82,90210,Beverly,23.5,55000.0,55000.0,55000.0,0.23809523809523814
29.0,42000.0,0.8049999999999999,60614,Chicago,23.5,42000.0,42000.0,42000.0,0.0
50.0,58000.0,0.76,94103,SF,23.5,58000.0,58000.0,,1.0
41.0,49000.0,0.79,94105,San Francisco,23.5,49000.0,49000.0,49000.0,0.5714285714285714
